reward_function,com_optuna,system_mean_waiting_time,system_mean_speed,system_total_stopped
diff_waiting_time,True,1.3243286679266815,8.560051287750081,22.129444444444445
diff_waiting_time,False,1.580059425916376,8.250457427943426,26.585277777777776
velocity_time,True,816.7752200756871,1.1474134846180777,932.3047222222223
velocity_time,False,967.7289929620418,0.7920675848232814,1130.7552777777778
velocity_time_delta,True,1.3304244988652074,8.710367886473554,21.057222222222222
velocity_time_delta,False,458.74863227395275,3.171260600899668,492.81138888888887
