reward_function,com_optuna,system_mean_waiting_time,system_mean_speed,system_total_stopped
diff_waiting_time,True,1.3306031398716718,8.657732590214474,21.740331491712706
diff_waiting_time,False,1.4126690728997762,8.512646330491851,23.403314917127073
velocity_time_delta,True,1.3156630287537336,8.627609595404369,21.596685082872927
velocity_time,True,1.733097454994128,8.502826020433634,24.51243093922652
velocity_time_delta,False,1.4381264346140938,8.600985969185077,22.009668508287294
velocity_time,False,1.4357266935534603,8.670125891678161,21.555248618784532
